<?xml version="1.0" encoding="utf-8"?>
<Root>
  <Options Language="Neutral">
    <FeatureDescriptors>
      <Item Id="{e28e4df8-4109-44f1-b11f-d7183038e4cc}">
        <Counter>16</Counter>
        <FeatureName>Organize Members</FeatureName>
      </Item>
      <Item Id="{6ce2a75b-d499-409a-a4cf-6ed21b7af5f1}">
        <Counter>233</Counter>
        <FeatureName>Code Cleanup</FeatureName>
      </Item>
      <Item Id="{154f4b83-2823-42f3-b07b-434d971398ce}">
        <Counter>24</Counter>
        <FeatureName>Declare...</FeatureName>
      </Item>
      <Item Id="{e9056bee-9969-4d2c-ab98-e4a468714bd0}">
        <Counter>5</Counter>
        <FeatureName>Make Implicit</FeatureName>
      </Item>
      <Item Id="{b5d794a9-84b8-4dcf-ba84-e583f68a79a6}">
        <Counter>368</Counter>
        <FeatureName>Declare Local</FeatureName>
      </Item>
      <Item Id="{472549bd-a60d-41f1-8a68-300374db3996}">
        <Counter>68</Counter>
        <FeatureName>Optimize Namespace References</FeatureName>
      </Item>
      <Item Id="{c1b9fc70-9a68-4628-add9-d873a194e464}">
        <Counter>203</Counter>
        <FeatureName>Embed Selection</FeatureName>
      </Item>
      <Item Id="{8e82228f-bf0a-4e9a-9c8e-b180a21b1a84}">
        <Counter>18</Counter>
        <FeatureName>Declare Constant</FeatureName>
      </Item>
      <Item Id="{c294a72f-aa2f-42b4-bc4d-cad8a70f6da0}">
        <Counter>41</Counter>
        <FeatureName>Declare Method</FeatureName>
      </Item>
      <Item Id="{a7b9b889-8518-4116-be3e-06a34c1faf2f}">
        <Counter>10</Counter>
        <FeatureName>Rename File to Match Type</FeatureName>
      </Item>
      <Item Id="{3de79a11-c9e2-486b-a071-55c9db3c466b}">
        <Counter>6</Counter>
        <FeatureName>Declare Property (with field)</FeatureName>
      </Item>
      <Item Id="{2972c33a-3816-4d6d-8691-7a85d73050c2}">
        <Counter>6</Counter>
        <FeatureName>Promote to Parameter</FeatureName>
      </Item>
      <Item Id="{02e3ac68-0cd1-4415-906a-90ed6cfa94cb}">
        <Counter>5</Counter>
        <FeatureName>Convert to Function</FeatureName>
      </Item>
      <Item Id="{5d834368-db83-489c-ae4b-6830a8151994}">
        <Counter>2</Counter>
        <FeatureName>Sort Namespace References</FeatureName>
      </Item>
      <Item Id="{b91d3e77-2aa7-4a70-b3a0-82cb93d93c6a}">
        <Counter>2</Counter>
        <FeatureName>Reorder Parameters</FeatureName>
      </Item>
      <Item Id="{88b3b52f-51d3-4252-a201-53e42990e8ec}">
        <Counter>1</Counter>
        <FeatureName>Break Apart Parameters</FeatureName>
      </Item>
      <Item Id="{b64dcf9f-53aa-448b-a1b7-979cd013e1fa}">
        <Counter>1</Counter>
        <FeatureName>Line Up Parameters</FeatureName>
      </Item>
      <Item Id="{2b3c8c8d-f7e2-4ee8-b3fa-eaeaff770f65}">
        <Counter>1</Counter>
        <FeatureName>Encapsulate Property with Change Notification</FeatureName>
      </Item>
      <Item Id="{934afa18-8f3b-40da-98ce-e44b791e0fa3}">
        <Counter>20</Counter>
        <FeatureName>Remove Type Qualifier (remove all)</FeatureName>
      </Item>
      <Item Id="{e9804f08-7079-4b16-8f1c-cea38dd7a404}">
        <Counter>21</Counter>
        <FeatureName>Remove Type Qualifier</FeatureName>
      </Item>
      <Item Id="{e79b5b7f-d8e3-49f5-9a38-b3021f44b8c2}">
        <Counter>2</Counter>
        <FeatureName>Use string.Format</FeatureName>
      </Item>
      <Item Id="{4de8955f-4ed0-4f09-9c67-c347f9c7a9ee}">
        <Counter>1</Counter>
        <FeatureName>Widen Scope</FeatureName>
      </Item>
      <Item Id="{55ecb2ce-7c1b-475f-8295-4ae2c45258a5}">
        <Counter>3</Counter>
        <FeatureName>Introduce Using Statement</FeatureName>
      </Item>
      <Item Id="{6ab983d6-94ae-4804-8099-f32722bcdeb6}">
        <Counter>1</Counter>
        <FeatureName>Rename</FeatureName>
      </Item>
      <Item Id="{06ae7d84-6709-4ed8-9e0a-58a7d45f9b76}">
        <Counter>1</Counter>
        <FeatureName>Add Parameter</FeatureName>
      </Item>
      <Item Id="{816821ed-7cfc-4d62-b66a-719ea9371f12}">
        <Counter>5</Counter>
        <FeatureName>Declare Property (auto-implemented)</FeatureName>
      </Item>
      <Item Id="{5bb189d5-8985-438e-9813-34b4930db151}">
        <Counter>7</Counter>
        <FeatureName>Inline Method</FeatureName>
      </Item>
      <Item Id="{a863662d-0f1a-456a-9aa1-7e7e469ab52f}">
        <Counter>5</Counter>
        <FeatureName>Throw Exceptions Contract</FeatureName>
      </Item>
      <Item Id="{3411d23b-fe5b-4857-91cc-83c65fb7539e}">
        <Counter>2</Counter>
        <FeatureName>Encapsulate Property</FeatureName>
      </Item>
      <Item Id="{7096ef2e-1645-4c56-ac30-c2cff34864a8}">
        <Counter>1</Counter>
        <FeatureName>Remove Unused Member</FeatureName>
      </Item>
      <Item Id="{4914f55e-7b62-4d77-a775-eaedd38f2ab6}">
        <Counter>1</Counter>
        <FeatureName>Simplify Expression</FeatureName>
      </Item>
      <Item Id="{c19706c6-320d-4e82-b743-dd0443284a42}">
        <Counter>1</Counter>
        <FeatureName>Compress to Ternary Expression</FeatureName>
      </Item>
      <Item Id="{8e745d2e-beb8-4545-9983-1bd262491606}">
        <Counter>3</Counter>
        <FeatureName>Exit Method Contract</FeatureName>
      </Item>
      <Item Id="{c83ff021-541f-4483-80f6-fc2624a2c43a}">
        <Counter>1</Counter>
        <FeatureName>Introduce Setter Guard Clause</FeatureName>
      </Item>
      <Item Id="{3da29381-a8a9-45ae-b1bd-31da8e1b268c}">
        <Counter>4</Counter>
        <FeatureName>Widen Scope (promote to field)</FeatureName>
      </Item>
      <Item Id="{17a315a1-49b2-405f-8ad8-1b8de7b39d6a}">
        <Counter>9</Counter>
        <FeatureName>Flatten Conditional</FeatureName>
      </Item>
      <Item Id="{34e7884f-a5f5-4489-be17-00638a29be6c}">
        <Counter>5</Counter>
        <FeatureName>Use string.Compare</FeatureName>
      </Item>
      <Item Id="{3a97a0be-e247-4e30-8225-1c290dc9be80}">
        <Counter>2</Counter>
        <FeatureName>Convert to string interpolation</FeatureName>
      </Item>
      <Item Id="{732c21cc-c599-4af8-b73e-62c86191ec88}">
        <Counter>41</Counter>
        <FeatureName>Move Type to File</FeatureName>
      </Item>
      <Item Id="{69eb3d29-138b-49a9-9ec1-a0d8dd0e6172}">
        <Counter>1</Counter>
        <FeatureName>Create Event Trigger</FeatureName>
      </Item>
    </FeatureDescriptors>
  </Options>
</Root>