<?xml version="1.0" encoding="utf-8"?>
<Root>
  <Options Language="C#">
    <RootCategory>
      <Categories>
        <Item Id="{275aa617-9536-4a49-b778-feb5fce463aa}">
          <CategoryName>MyTemplates</CategoryName>
          <IsExpanded>True</IsExpanded>
          <Categories>
            <Item Id="{7071bfba-fdfc-4ad8-8a7f-70705fd5142f}">
              <CategoryName>ActiveQueryBuilder</CategoryName>
              <IsExpanded>True</IsExpanded>
              <Categories>
                <Item Id="{2995e2bf-bd8d-4910-b7e8-99f46ee4f663}">
                  <CategoryName>ZYZ</CategoryName>
                  <IsExpanded>True</IsExpanded>
                  <Categories />
                  <Templates>
                    <Item Id="{80a0de45-50a0-46fe-9c11-20faba106d5f}">
                      <TemplateName>SplashScreen</TemplateName>
                      <Comment>Create a SplashScreen</Comment>
                      <Items>
                        <Item Id="{8a92c434-3d4d-4289-acc2-2f0e708eb6fe}">
                          <Expansion>      [STAThread]
      private static void Main()
      {
         Application.EnableVisualStyles();
         Application.SetCompatibleTextRenderingDefault(false);

         DevExpress.UserSkins.BonusSkins.Register();
         DevExpress.Skins.SkinManager.EnableFormSkins();

         string skinStyle = "Visual Studio 2013 Blue"; // "Metropolis Dark";
         //if( true )
         //   skinStyle = "Office 2016 Colorful";
         //else
         //   skinStyle = "Visual Studio 2013 Blue";
         DevExpress.LookAndFeel.UserLookAndFeel.Default.SetSkinStyle(skinStyle);
         //
         System.Drawing.Bitmap splashScreenImage = new System.Drawing.Bitmap(
            Assembly.GetExecutingAssembly()
            .GetManifestResourceStream("DPMainForm.Resources.splashScreen.png")
            );
         DevExpress.XtraSplashScreen.SplashScreenManager.ShowImage(splashScreenImage, true, false);

         Application.Run(new Form1());
      }




      #region --- Splash Screen ---
      private void Form1_Load( object sender, EventArgs e )
      {
         BeginInvoke( new MethodInvoker( this.InitDemo ) );
      }
      private void InitDemo()
      {
         DevExpress.XtraSplashScreen.SplashScreenManager.HideImage( 1000, this );
      }
      #endregion
</Expansion>
                          <UsingClause />
                        </Item>
                      </Items>
                    </Item>
                    <Item Id="{891a52ae-f1c3-4985-b959-c688f5d3859d}">
                      <TemplateName>treeList.Init</TemplateName>
                      <Comment>Initialize a TreeList</Comment>
                      <Items>
                        <Item Id="{8fdfcfce-f76b-4b9a-8b44-129cfdc6b147}">
                          <Expansion>      private void AddAllNodes( bool showAll )
      {
         this.treeView.AppendNode( new object[ ]
         { "Solution \'VisualStudioInspiredUIDemo\' (1 project)" },
                                  -1,
                                  -1,
                                  -1,
                                  3 ); //0
         this.treeView.AppendNode( new object[ ] { "VisualStudioInspiredUIDemo" }, -1, -1, -1, 4 );//1
         this.treeView.AppendNode( new object[ ] { "Properties" }, 1, -1, -1, 2 );//2
         this.treeView.AppendNode( new object[ ] { "References" }, 1, -1, -1, 5 );//3
         this.treeView.AppendNode( new object[ ] { "System" }, 3, -1, -1, 5 );
         this.treeView.AppendNode( new object[ ] { "System.Drawing" }, 3, -1, -1, 5 );
         this.treeView.AppendNode( new object[ ] { "System.Windows.Forms" }, 3, -1, -1, 5 );
         this.treeView.AppendNode( new object[ ] { "DevExpress.Utils" }, 3, -1, -1, 5 );
         this.treeView.AppendNode( new object[ ] { "DevExpress.XtraBars" }, 3, -1, -1, 5 );
         this.treeView.AppendNode( new object[ ] { "DevExpress.XtraEditors" }, 3, -1, -1, 5 );
         if( showAll )
         {
            this.treeView.AppendNode( new object[ ] { "bin" }, 1, -1, -1, 9 ); //10
            this.treeView.AppendNode( new object[ ] { "Debug" }, 10, -1, -1, 9 );
            this.treeView.AppendNode( new object[ ] { "Release" }, 10, -1, -1, 9 );
            this.treeView.AppendNode( new object[ ] { "obj" }, 1, -1, -1, 9 );//13
            this.treeView.AppendNode( new object[ ] { "Debug" }, 13, -1, -1, 9 );
            this.treeView.AppendNode( new object[ ] { "Release" }, 13, -1, -1, 9 );
         }
         this.treeView.AppendNode( new object[ ] { "Modules" }, 1, -1, -1, 7 );//16/10
         this.treeView.AppendNode( new object[ ] { "Resources" }, 1, -1, -1, 7 );//17
         this.treeView.AppendNode( new object[ ] { "AssemblyInfo.cs" }, 2, -1, -1, 10 );
         this.treeView.AppendNode( new object[ ] { "frmMain.cs" }, 1, -1, -1, 11 );//19
         this.treeView.AppendNode( new object[ ] { "ucCodeEditor.cs" }, showAll ? 16 : 10, -1, -1, 12 ); //20
         this.treeView.AppendNode( new object[ ] { "ucSolutionExplorer.cs" }, showAll ? 16 : 10, -1, -1, 12 ); //21
         this.treeView.AppendNode( new object[ ] { "ucToolbox.cs" }, showAll ? 16 : 10, -1, -1, 12 ); //22
         if( showAll )
         {
            this.treeView.AppendNode( new object[ ] { "frmMain.resx" }, 19, -1, -1, 13 );
            this.treeView.AppendNode( new object[ ] { "ucCodeEditor.resx" }, 20, -1, -1, 13 );
            this.treeView.AppendNode( new object[ ] { "ucSolutionExplorer.resx" }, 21, -1, -1, 13 );
            this.treeView.AppendNode( new object[ ] { "ucToolbox.resx" }, 22, -1, -1, 13 );
         }
      }
</Expansion>
                          <UsingClause />
                        </Item>
                      </Items>
                    </Item>
                    <Item Id="{cbda535e-965c-4043-8569-ed946dcaf319}">
                      <TemplateName>ossd</TemplateName>
                      <Comment>Open / Save / FolderBrowsing Dialogs</Comment>
                      <Items>
                        <Item Id="{8c6b6ef0-a940-43f6-a879-8329cc092e1d}">
                          <Expansion>      private string GetDefaultFilePath()
      {
         string x = "Data\\" + this.defaultFileName;
         return Path.GetDirectoryName( FilesHelper.FindingFileName( Application.StartupPath, x ) );
      }

      private void OpenItemClick()
      {
         using( XtraOpenFileDialog dialog = new DevExpress.XtraEditors.XtraOpenFileDialog( ) )
         {
            dialog.InitialDirectory = this.initialPath;
            dialog.ShowDragDropConfirmation = true;
            dialog.AutoUpdateFilterDescription = false;
            dialog.Filter = "Text files (*.txt)|*.txt";
            DialogResult dialogResult = dialog.ShowDialog( );
            if( dialogResult == DialogResult.OK )
            {
               //this.SetMemoEditText( dialog.FileName );
            }
         }
      }

      private void SaveItemClick()
      {
         using( XtraSaveFileDialog dialog = new DevExpress.XtraEditors.XtraSaveFileDialog( ) )
         {
            dialog.InitialDirectory = this.initialPath;
            dialog.ShowDragDropConfirmation = true;
            dialog.Filter = "Text files|*.txt";
            dialog.CreatePrompt = true;
            dialog.OverwritePrompt = true;
            DialogResult dialogResult = dialog.ShowDialog( );
            if( dialogResult == DialogResult.OK )
            {
               //System.IO.File.WriteAllText( dialog.FileName, this.mainModule.Text );
            }
         }
      }

      private void SetWorkingFolderItemClick()
      {
         using( XtraFolderBrowserDialog dialog = new DevExpress.XtraEditors.XtraFolderBrowserDialog( ) )
         {
            dialog.SelectedPath = this.initialPath;
            if( dialog.ShowDialog( ) == DialogResult.OK )
            {
               this.initialPath = dialog.SelectedPath;
            }
         }
      }</Expansion>
                          <Context>[InCSharp][InClass]</Context>
                          <UsingClause>
                            <Item>DevExpress.XtraEditors</Item>
                            <Item>System.Windows.Forms</Item>
                            <Item>System.IO</Item>
                          </UsingClause>
                        </Item>
                      </Items>
                    </Item>
                    <Item Id="{ee457a25-41b7-49a6-8d20-227f587459df}">
                      <TemplateName>dialog</TemplateName>
                      <Comment>Create a XtraMessageDialog</Comment>
                      <Items>
                        <Item Id="{f0ac9dec-6b3e-49e8-b78a-ce87b9778bd2}">
                          <Expansion>// DIALOG COFIRMATION
DialogResult dialogResult = XtraMessageBox.Show("Are you sure?", "Warning", MessageBoxButtons.YesNoCancel);
switch(dialogResult)
{
   case DialogResult.Yes:
      break;
   default:
      args.Cancel = true;
      return;
}
</Expansion>
                          <Context>[OnEmptyLine] || [InMethod] || [InProperty]</Context>
                          <UsingClause>
                            <Item>System.Windows.Forms</Item>
                            <Item>DevExpress.XtraEditors</Item>
                          </UsingClause>
                        </Item>
                      </Items>
                    </Item>
                    <Item Id="{c251406f-c2ff-4cca-990a-46f938d8b351}">
                      <Enabled>False</Enabled>
                      <TemplateName>qwerty</TemplateName>
                      <Items>
                        <Item Id="{5d12b9cf-23af-4b72-b369-1e876e924b4b}">
                          <Expansion>«?Set(EventName,EventName)»
«?Set(ExceptionName,ExceptionName)»

// «Link(«?Get(EventName)»)»
// «Link(«?Get(ExceptionName)»)»


«Caret»«FieldStart»«Link(«?Get(EventName)»)»«FieldEnd» «Link(«?Get(ExceptionName)»)»

«Link(«?Get(EventName)»)»«Link(«?Get(ExceptionName)»)»
</Expansion>
                          <UsingClause />
                        </Item>
                      </Items>
                    </Item>
                    <Item Id="{26b2484e-cb31-4f98-842d-688e8041b1dd}">
                      <Enabled>False</Enabled>
                      <TemplateName>qwerty02</TemplateName>
                      <Items>
                        <Item Id="{6c4950c3-767b-406f-8b40-2c7914263c37}">
                          <Expansion>// «Link(EventName)»
// «Link(ExceptionName)»


«Caret»«FieldStart»«Link(EventName)»«FieldEnd» «Link(ExceptionName)» ;

«Link(EventName)»«Link(ExceptionName)»
</Expansion>
                          <UsingClause />
                        </Item>
                      </Items>
                    </Item>
                  </Templates>
                </Item>
              </Categories>
              <Templates>
                <Item Id="{96a6f1b0-d57c-454e-83e6-30b1b8b9d9c7}">
                  <TemplateName>neahba</TemplateName>
                  <IsExpanded>True</IsExpanded>
                  <IsSelected>True</IsSelected>
                  <Items>
                    <Item Id="{dfc867ce-180e-4a1f-9fc1-959a00e690ca}">
                      <Expansion>//
      #region --- Before and After «Paste» EVENTS + HANDLERS + EXCEPTIONS ---
//
      public delegate void AllowedTo«Paste»EventHandler( object sender );
      public delegate void NotAllowedTo«Paste»EventHandler( object sender );
//
      public delegate void Before«Paste»EventHandler( object sender, Before«Paste»EventArgs ea );
      public delegate void After«Paste»EventHandler( object sender, After«Paste»EventArgs ea );
//
      public class Before«Paste»EventArgs : System.EventArgs
      {
         public bool Cancel { get; set; }
         public string Filename { get; set; }
         public «Paste»Exception Exception { get; set; }
      }
//
      public class After«Paste»EventArgs : System.EventArgs
      {
         private Before«Paste»EventArgs args;
         public bool wasCanceled { get { return this.args == null ? false : this.args.Cancel; } }
         public bool hasException { get { return this.args.Exception != null; } }
         public bool isOk { get { return !this.wasCanceled &amp;&amp; !this.hasException; } }
         public After«Paste»EventArgs( Before«Paste»EventArgs args1 )
         {
            this.args = args1;
         }
      }
//
      [System.Serializable]
      public class «Paste»Exception : System.Exception
      {
         public «Paste»Exception() : base( ) { }

         public «Paste»Exception( string message ) : base( message ) { }

         public «Paste»Exception( string format, params object[ ] args )
             : base( string.Format( format, args ) ) { }

         public «Paste»Exception( string message, System.Exception innerException )
             : base( message, innerException ) { }

         public «Paste»Exception( string format, System.Exception innerException, params object[ ] args )
             : base( string.Format( format, args ), innerException ) { }

         protected «Paste»Exception( System.Runtime.Serialization.SerializationInfo info, System.Runtime.Serialization.StreamingContext context )
             : base( info, context ) { }
      }
//
      [Browsable( true )]
      [CategoryAttribute( "00001-Obj-OBJNAME" )]
      [Description( "" )]
      public event AllowedTo«Paste»EventHandler Allowed«Paste»Event;
      [Browsable( true )]
      [CategoryAttribute( "00001-Obj-OBJNAME" )]
      [Description( "" )]
      public event NotAllowedTo«Paste»EventHandler NotAllowed«Paste»Event;
//
      [Browsable( true )]
      [CategoryAttribute( "00001-Obj-OBJNAME" )]
      [Description( "" )]
      public event Before«Paste»EventHandler Before«Paste»Event;
      [Browsable( true )]
      [CategoryAttribute( "00001-Obj-OBJNAME" )]
      [Description( "" )]
      public event After«Paste»EventHandler After«Paste»Event;
//
      public void «Paste»( string filename )
      {
         Before«Paste»EventArgs args1 = new Before«Paste»EventArgs( );
         After«Paste»EventArgs args2 = new After«Paste»EventArgs( args1 );
         args1.Filename = filename;
         this.Before«Paste»Event?.Invoke( this, args1 );
         if( !args1.Cancel )
         {
            this.«Paste»Event( args1 );
         }
         this.After«Paste»Event?.Invoke( this, args2 );
      }
//
      private void «Paste»Event( Before«Paste»EventArgs args )
      {
         try
         {
            «Caret»
         }
         catch( System.Exception ex )
         {
            args.Exception = new «Paste»Exception( null, ex ) ;
         }
         finally
         {

         }
      }
//
      private void After«Paste»EventPostStatuses( object sender, After«Paste»EventArgs ea )
      {
         if( ea.isOk )
         {
            return;
         }
      }
// this.After«Paste»Event += this.After«Paste»EventPostStatuses;

#endregion</Expansion>
                      <Context>[OnEmptyLine] &amp;&amp; !([InAnyComment] || [InInterface] || [InMethod] || [InPreprocessorDirective] || [InProperty] || [InString])</Context>
                      <IsSelected>True</IsSelected>
                      <UsingClause>
                        <Item>System.ComponentModel</Item>
                      </UsingClause>
                    </Item>
                  </Items>
                </Item>
                <Item Id="{dc9b8b9b-8c71-4a90-9fed-3c4264e9e1fc}">
                  <TemplateName>neah</TemplateName>
                  <Comment>Single Event Handler</Comment>
                  <Items>
                    <Item Id="{27d3731a-039f-4e4a-a0fd-ef05066bbbbc}">
                      <Expansion>//
      #region --- «Paste» EVENT + HANDLER + EXCEPTION ---
      public delegate void «Paste»EventHandler( object sender, «Paste»EventArgs ea );
      public event «Paste»EventHandler «Paste»Event;
      public class «Paste»EventArgs : System.EventArgs
      {
         public bool Cancel { get; set; }
         public string Filename { get; set; }
         public «Paste»Exception Exception { get; set; }
      }
//
      [System.Serializable]
      public class «Paste»Exception : System.Exception
      {
         public «Paste»Exception() : base( ) { }

         public «Paste»Exception( string message ) : base( message ) { }

         public «Paste»Exception( string format, params object[ ] args )
             : base( string.Format( format, args ) ) { }

         public «Paste»Exception( string message, System.Exception innerException )
             : base( message, innerException ) { }

         public «Paste»Exception( string format, System.Exception innerException, params object[ ] args )
             : base( string.Format( format, args ), innerException ) { }

         protected «Paste»Exception( System.Runtime.Serialization.SerializationInfo info, System.Runtime.Serialization.StreamingContext context )
             : base( info, context ) { }
      }
//
//         «Paste»EventArgs args1 = new «Paste»EventArgs( );
//         args1.Filename = filename;
//         this.«Paste»Event?.Invoke( this, args2 );
//
      #endregion
</Expansion>
                      <Context>[OnEmptyLine] &amp;&amp; !([InAnyComment] || [InInterface] || [InMethod] || [InPreprocessorDirective] || [InProperty] || [InString])</Context>
                      <UsingClause />
                    </Item>
                  </Items>
                </Item>
                <Item Id="{adcc8551-fa31-42ab-8c20-42ca13040d02}">
                  <Enabled>False</Enabled>
                  <TemplateName>neahpc</TemplateName>
                  <Items>
                    <Item Id="{e9972cce-c8fc-4ec8-93c4-0244b752e1b4}">
                      <Expansion>#region --- OnPropertyChanged EVENTS + HANDLERS + EXCEPTIONS --- 
public event PropertyChangedEventHandler PropertyChanged;
protected void OnPropertyChanged( PropertyChangedEventArgs e )
{
   PropertyChanged?.Invoke( this, e );
}
protected void OnPropertyChanged( string propertyName )
{
   OnPropertyChanged( new PropertyChangedEventArgs( propertyName ) );
}
#endregion
«Caret»</Expansion>
                      <Context>[OnEmptyLine] &amp;&amp; !([InAnyComment] || [InInterface] || [InMethod] || [InPreprocessorDirective] || [InProperty] || [InString])</Context>
                      <UsingClause>
                        <Item>System.ComponentModel</Item>
                      </UsingClause>
                    </Item>
                  </Items>
                </Item>
                <Item Id="{6453a22c-a6c5-4606-872a-b81cea7c8ef7}">
                  <Enabled>False</Enabled>
                  <TemplateName>#Exception#</TemplateName>
                  <Items>
                    <Item Id="{75eda3ff-4056-4e33-9617-5f423e1145ca}">
                      <Expansion>// «?Get(EventName)»
// «?Get(ExceptionName)»
      #region --- «?Get(EventName)» «?Get(ExceptionName)» EXCEPTION ---
      [System.Serializable]
      public class «?Get(EventName)»Exception : System.Exception
      {
         public «Link(«?Get(ExceptionName)»)»Exception() : base( ) { }

         public «Link(«?Get(ExceptionName)»)»Exception( string message ) : base( message ) { }

         public «Link(«?Get(ExceptionName)»)»Exception( string format, params object[ ] args )
             : base( string.Format( format, args ) ) { }

         public «Link(«?Get(ExceptionName)»)»Exception( string message, System.Exception innerException )
             : base( message, innerException ) { }

         public «Link(«?Get(ExceptionName)»)»Exception( string format, System.Exception innerException, params object[ ] args )
             : base( string.Format( format, args ), innerException ) { }

         protected «Link(«?Get(ExceptionName)»)»Exception( System.Runtime.Serialization.SerializationInfo info, System.Runtime.Serialization.StreamingContext context )
             : base( info, context ) { }
      }
      #endregion
</Expansion>
                      <UsingClause />
                    </Item>
                  </Items>
                </Item>
                <Item Id="{0876aee0-aaac-45ae-956e-0c5ec93984df}">
                  <Enabled>False</Enabled>
                  <TemplateName>ebgw</TemplateName>
                  <Comment>BackgroundWorker</Comment>
                  <IsExpanded>True</IsExpanded>
                  <Items>
                    <Item Id="{49be4390-df62-4238-b447-5ea18adbdb0d}">
                      <Expansion>public void «Caret»«FieldStart»«Link(EventName)»«FieldEnd»( object e ) { this.«Link(EventName)»BackgroundWorker.RunWorkerAsync( e ); }
public bool IsBusy«Link(EventName)» { get { return this.«Link(EventName)»BackgroundWorker.IsBusy; } }
public void Cancel«Link(EventName)»()
{
   if( this.IsBusy«Link(EventName)» )
   {
      this.«Link(EventName)»BackgroundWorker.CancelAsync( );
   }
}

#region --- «Link(EventName)» BackgroundWorker Init, Events, Handlers &amp; Exceptions... ---

private System.ComponentModel.BackgroundWorker «Link(EventName)»BackgroundWorker;

private void Initialize«Link(EventName)»BackgroundWorkerComponent()
{
   this.«Link(EventName)»BackgroundWorker = new System.ComponentModel.BackgroundWorker();
   this.«Link(EventName)»BackgroundWorker.WorkerReportsProgress = true;
   this.«Link(EventName)»BackgroundWorker.WorkerSupportsCancellation = true;
   this.«Link(EventName)»BackgroundWorker.DoWork += new System.ComponentModel.DoWorkEventHandler(this.«Link(EventName)»BackgroundWorker_DoWork);
   this.«Link(EventName)»BackgroundWorker.ProgressChanged += new System.ComponentModel.ProgressChangedEventHandler(this.«Link(EventName)»BackgroundWorker_ProgressChanged);
   this.«Link(EventName)»BackgroundWorker.RunWorkerCompleted += new System.ComponentModel.RunWorkerCompletedEventHandler(this.«Link(EventName)»BackgroundWorker_RunWorkerCompleted);
}

private void «Link(EventName)»BackgroundWorker_DoWork( object sender, DoWorkEventArgs e )
{
   e.Cancel = true;
   this.«Link(EventName)»BackgroundWorker.ReportProgress( 0 );
   if( !(e.Argument is Object) )
      return;
   Object argument = e.Argument as Object; // get argument...
   if( !this.«Link(EventName)»BackgroundWorker.CancellationPending )
   {
      int total = 10;
      for( int i = 0; i &lt; total; i++ )
      {
         if( !this.«Link(EventName)»BackgroundWorker.CancellationPending )
         {
            int value = (i + 1) * (100 / total);
            this.«Link(EventName)»BackgroundWorker.ReportProgress( value, total );
         }
         else
         {
            this.«Link(EventName)»BackgroundWorker.ReportProgress( 0 );
            return;
         }
      }
      e.Result = new object(); // return result...
      e.Cancel = false;
   }
}

private void «Link(EventName)»BackgroundWorker_ProgressChanged( object sender, ProgressChangedEventArgs e )
{
   if( this.«Link(EventName)»ProgressEvent == null )
            return;
   «Link(EventName)»ProgressEventArgs args = new «Link(EventName)»ProgressEventArgs( e );
   this.«Link(EventName)»ProgressEvent?.Invoke( this, args );
}

private void «Link(EventName)»BackgroundWorker_RunWorkerCompleted( object sender, RunWorkerCompletedEventArgs e )
{
   if( e.Cancelled )
   {
      // "Process was cancelled";
   }
   else if( e.Error != null )
   {
      // "There was an error running the process. The thread aborted";
   }
   else
   {
      // "Process was completed";
   }
   if( this.«Link(EventName)»CompletedEvent == null )
      return;
   «Link(EventName)»CompletedEventArgs args = new «Link(EventName)»CompletedEventArgs( e );
   this.«Link(EventName)»CompletedEvent?.Invoke( this, args );
}

#region --- «Link(EventName)»Progress EVENTS + HANDLERS + EXCEPTIONS ---
public delegate void «Link(EventName)»ProgressEventHandler( object sender, «Link(EventName)»ProgressEventArgs ea );
public event «Link(EventName)»ProgressEventHandler «Link(EventName)»ProgressEvent;
public class «Link(EventName)»ProgressEventArgs : System.EventArgs
{
   private ProgressChangedEventArgs e;

   public «Link(EventName)»ProgressEventArgs( ProgressChangedEventArgs e )
   {
      this.e = e;
   }
   public bool Cancel { get; set; }
   //
   // Summary:
   //     Gets the asynchronous task progress percentage.
   //
   // Returns:
   //     A percentage value indicating the asynchronous task progress.
   public int ProgressPercentage { get { return this.e.ProgressPercentage; } }
   //
   // Summary:
   //     Gets a unique user state.
   //
   // Returns:
   //     A unique System.Object indicating the user state.
   public object UserState { get { return this.e.UserState; } }
   public «Link(EventName)»ProgressException Exception { get; set; }
}
//
[System.Serializable]
public class «Link(EventName)»ProgressException : System.Exception
{
   public «Link(EventName)»ProgressException() : base( ) { }

   public «Link(EventName)»ProgressException( string message ) : base( message ) { }

   public «Link(EventName)»ProgressException( string format, params object[ ] args )
       : base( string.Format( format, args ) ) { }

   public «Link(EventName)»ProgressException( string message, System.Exception innerException )
       : base( message, innerException ) { }

   public «Link(EventName)»ProgressException( string format, System.Exception innerException, params object[ ] args )
       : base( string.Format( format, args ), innerException ) { }

   protected «Link(EventName)»ProgressException( System.Runtime.Serialization.SerializationInfo info, System.Runtime.Serialization.StreamingContext context )
       : base( info, context ) { }
}
#endregion

#region --- «Link(EventName)»Completed EVENTS + HANDLERS + EXCEPTIONS ---
public delegate void «Link(EventName)»CompletedEventHandler( object sender, «Link(EventName)»CompletedEventArgs ea );
public event «Link(EventName)»CompletedEventHandler «Link(EventName)»CompletedEvent;
public class «Link(EventName)»CompletedEventArgs : System.EventArgs
{
   private RunWorkerCompletedEventArgs e;

   public «Link(EventName)»CompletedEventArgs( RunWorkerCompletedEventArgs e )
   {
      this.e = e;
      if( this.e.Error != null )
      {
         this.Exception = new «Link(EventName)»CompletedException( "", this.e.Error );
      }
   }

   public bool Cancelled { get { return this.e.Cancelled; } }
   //
   // Summary:
   //     Gets a value that represents the result of an asynchronous operation.
   //
   // Returns:
   //     An System.Object representing the result of an asynchronous operation.
   //
   // Exceptions:
   //   T:System.Reflection.TargetInvocationException:
   //     System.ComponentModel.AsyncCompletedEventArgs.Error is not null. The System.Exception.InnerException
   //     property holds a reference to System.ComponentModel.AsyncCompletedEventArgs.Error.
   //
   //   T:System.InvalidOperationException:
   //     System.ComponentModel.AsyncCompletedEventArgs.Cancelled is true.
   public object Result { get { return this.e?.Result; } }
   //
   // Summary:
   //     Gets a value that represents the user state.
   //
   // Returns:
   //     An System.Object representing the user state.
   [Browsable( false )]
   [EditorBrowsable( EditorBrowsableState.Never )]
   public object UserState { get { return this.e?.UserState; } }
   public «Link(EventName)»CompletedException Exception { get; set; }
}
//
[System.Serializable]
public class «Link(EventName)»CompletedException : System.Exception
{
   public «Link(EventName)»CompletedException() : base( ) { }

   public «Link(EventName)»CompletedException( string message ) : base( message ) { }

   public «Link(EventName)»CompletedException( string format, params object[ ] args )
       : base( string.Format( format, args ) ) { }

   public «Link(EventName)»CompletedException( string message, System.Exception innerException )
       : base( message, innerException ) { }

   public «Link(EventName)»CompletedException( string format, System.Exception innerException, params object[ ] args )
       : base( string.Format( format, args ), innerException ) { }

   protected «Link(EventName)»CompletedException( System.Runtime.Serialization.SerializationInfo info, System.Runtime.Serialization.StreamingContext context )
       : base( info, context ) { }
}
#endregion

#endregion
</Expansion>
                      <UsingClause>
                        <Item>System.ComponentModel</Item>
                      </UsingClause>
                    </Item>
                  </Items>
                </Item>
                <Item Id="{d2c49e21-8981-4674-b783-ed35022254ae}">
                  <Enabled>False</Enabled>
                  <TemplateName>AQBTC</TemplateName>
                  <Comment>Active Query Builder DrillDown</Comment>
                  <Items>
                    <Item Id="{4f2682ad-7de4-4c03-b320-da9a88cc58c3}">
                      <Expansion>
      #region --- Active Query Builder ---
      public static bool TestAqbSqlContext4SQLiteConnection( string cs )
      {
         ActiveQueryBuilder.Core.SQLContext sc = new ActiveQueryBuilder.Core.SQLContext( )
         {
            SyntaxProvider = new ActiveQueryBuilder.Core.SQLiteSyntaxProvider( ),
            MetadataProvider = new ActiveQueryBuilder.Core.SQLiteMetadataProvider( )
            {
               Connection = new System.Data.SQLite.SQLiteConnection( )
               {
                  ConnectionString = cs
               }
            }
         };
         {
            // sc.MetadataContainer.LoadingOptions.OfflineMode = false;
            // sc.MetadataContainer.LoadingOptions.LoadSystemObjects = false;
            // sc.MetadataContainer.LoadingOptions.LoadDefaultDatabaseOnly = true;
            sc.LoadingOptions.OfflineMode = false;
            sc.LoadingOptions.LoadSystemObjects = false;
            sc.LoadingOptions.LoadDefaultDatabaseOnly = true;
            sc.MetadataContainer.LoadAll( false );
         }
         ActiveQueryBuilder.Core.MetadataList items = sc.MetadataContainer.Items;
         return items == null ? false : true;
      }
      public static ActiveQueryBuilder.Core.SQLContext CreateAqbSqlContext4SQLiteOffline( string filepath )
      {
         ActiveQueryBuilder.Core.SQLContext sc = new ActiveQueryBuilder.Core.SQLContext( )
         {
            SyntaxProvider = new ActiveQueryBuilder.Core.SQLiteSyntaxProvider( ),
            //MetadataProvider = new ActiveQueryBuilder.Core.SQLiteMetadataProvider( )
            //{
            //   Connection = new System.Data.SQLite.SQLiteConnection( )
            //   {
            //      ConnectionString = cs.ConnectionString
            //   }
            //}
         };
         {
            sc.MetadataContainer.LoadingOptions.OfflineMode = true;
            sc.MetadataContainer.ImportFromXML( filepath );
         }
         return sc;
      }
      public static ActiveQueryBuilder.Core.SQLContext CreateAqbSqlContext4SQLiteOnline( string cs )
      {
         ActiveQueryBuilder.Core.SQLContext sc = new ActiveQueryBuilder.Core.SQLContext( )
         {
            SyntaxProvider = new ActiveQueryBuilder.Core.SQLiteSyntaxProvider( ),
            MetadataProvider = new ActiveQueryBuilder.Core.SQLiteMetadataProvider( )
            {
               Connection = new System.Data.SQLite.SQLiteConnection( )
               {
                  ConnectionString = cs
               }
            }
         };
         //{
         //   sc.MetadataContainer.LoadAll( WithField );
         //   sc.MetadataContainer.LoadingOptions.OfflineMode = true;
         //   sc.MetadataContainer.ImportFromXML( filepath );
         //}
         return sc;
      }

      private class StackItem
      {
         public ActiveQueryBuilder.Core.MetadataList list;
         public int index;
         public int parentID;
         public int grandParentID;
      }

      public static void DrillDownAqbSqlContext(
         ActiveQueryBuilder.Core.SQLContext sc
         , System.Data.DataTable tbl
         , string dataStoreName
         )
      {
         ActiveQueryBuilder.Core.MetadataList items = sc.MetadataContainer.Items;
         //
         System.Collections.Generic.Stack&lt;StackItem&gt; stack = new System.Collections.Generic.Stack&lt;StackItem&gt;( );
         stack.Push( new StackItem { list = items, index = 0, parentID = -1, grandParentID = -1 } );
         do
         {
            StackItem si = stack.Pop( );
            ActiveQueryBuilder.Core.MetadataList actualMIList = si.list;
            int actualIndex = si.index;
            int actualParentID = si.grandParentID; // IMPORTANT!!!
            for( ; actualIndex &lt; actualMIList.Count; actualIndex++ )
            {
               System.Data.DataRow row = tbl.NewRow( );
               row[ "DataStoreName" ] = dataStoreName;
               ExtractMetadataItem( row, actualMIList[ actualIndex ], actualParentID, tbl );
               tbl.Rows.Add( row );
               if( actualMIList[ actualIndex ].Items.Count &gt; 0 ) // branch...
               {
                  int count = tbl.Rows.Count;
                  System.Data.DataRowCollection rows = tbl.Rows;
                  int parentId = (int) rows[ count - 1 ][ "ID" ];
                  // Push the "next" Item...
                  stack.Push( new StackItem
                  {
                     list = actualMIList,
                     index = actualIndex + 1,
                     parentID = parentId,
                     grandParentID = actualParentID
                  } );
                  // Reset the loop to process the "actual" Item...
                  actualParentID = parentId;
                  actualMIList = actualMIList[ actualIndex ].Items;
                  actualIndex = -1;
               }
            } // for(;;)...

         } while( stack.Count &gt; 0 );
      }

      private static void ExtractMetadataItem(
         System.Data.DataRow row
         , ActiveQueryBuilder.Core.MetadataItem mi
         , int parentID
         , System.Data.DataTable tbl
         )
      {
         switch( mi.Type )
         {
            case ActiveQueryBuilder.Core.MetadataType.Database:
            case ActiveQueryBuilder.Core.MetadataType.Schema:
               ExtractNamespace( row, mi, parentID, tbl );
               break;
            case ActiveQueryBuilder.Core.MetadataType.Table:
            case ActiveQueryBuilder.Core.MetadataType.View:
               ExtractTable( row, mi, parentID, tbl );
               break;
            case ActiveQueryBuilder.Core.MetadataType.Procedure:
               ExtractProcedure( row, mi, parentID, tbl );
               break;
            case ActiveQueryBuilder.Core.MetadataType.Synonym:
               ExtractSynonym( row, mi, parentID, tbl );
               break;
            case ActiveQueryBuilder.Core.MetadataType.Field:
               ExtractField( row, mi, parentID, tbl );
               break;
            case ActiveQueryBuilder.Core.MetadataType.ForeignKey:
               ExtractForeignKey( row, mi, parentID, tbl );
               break;
            case ActiveQueryBuilder.Core.MetadataType.Root:
            case ActiveQueryBuilder.Core.MetadataType.Server:
            case ActiveQueryBuilder.Core.MetadataType.Package:
            case ActiveQueryBuilder.Core.MetadataType.Namespaces:
            case ActiveQueryBuilder.Core.MetadataType.ObjectMetadata:
            case ActiveQueryBuilder.Core.MetadataType.Objects:
            case ActiveQueryBuilder.Core.MetadataType.Aggregate:
            case ActiveQueryBuilder.Core.MetadataType.Parameter:
            case ActiveQueryBuilder.Core.MetadataType.UserQuery:
            case ActiveQueryBuilder.Core.MetadataType.UserField:
            case ActiveQueryBuilder.Core.MetadataType.All:
            default:
               ExtractItem( row, mi, parentID, tbl );
               break;
         }
      }

      private static void ExtractNamespace(
         System.Data.DataRow row
         , ActiveQueryBuilder.Core.MetadataItem mi
         , int parentID
         , System.Data.DataTable tbl
         )
      {
         if( mi == null )
         {
            return;
         }

         ExtractItem( row, mi, parentID, tbl );
         {
            //ActiveQueryBuilder.Core.MetadataNamespace m = mi as ActiveQueryBuilder.Core.MetadataNamespace;
         }
      }

      private static void ExtractProcedure(
         System.Data.DataRow row
         , ActiveQueryBuilder.Core.MetadataItem mi
         , int parentID
         , System.Data.DataTable tbl
         )
      {
         if( mi == null )
         {
            return;
         }

         ExtractItem( row, mi, parentID, tbl );
         {
            ActiveQueryBuilder.Core.MetadataObject m = mi as ActiveQueryBuilder.Core.MetadataObject;
         }
      }

      private static void ExtractSynonym(
         System.Data.DataRow row
         , ActiveQueryBuilder.Core.MetadataItem mi
         , int parentID
         , System.Data.DataTable tbl
         )
      {
         if( mi == null )
         {
            return;
         }

         ExtractItem( row, mi, parentID, tbl );
         {
            ActiveQueryBuilder.Core.MetadataObject m = mi as ActiveQueryBuilder.Core.MetadataObject;
            row[ "ReferencedObject" ] = m.ReferencedObject?.NameFull;
            //
            for( int i = 0; i &lt; m.ReferencedObjectName.Count; i++ )
            {
               ActiveQueryBuilder.Core.MetadataQualifiedNamePart x = m.ReferencedObjectName[ i ];
               row[ "ReferencedObjectName" ] += "["
               + System.Enum.GetName( typeof( ActiveQueryBuilder.Core.MetadataType ), x.Type )
               + ":"
               + x.Name
               + "]"
            ;
            }
         }
      }

      private static void ExtractTable(
         System.Data.DataRow row
         , ActiveQueryBuilder.Core.MetadataItem mi
         , int parentID
         , System.Data.DataTable tbl
         )
      {
         if( mi == null )
         {
            return;
         }

         ExtractItem( row, mi, parentID, tbl );
         {
            //ActiveQueryBuilder.Core.MetadataObject m = mi as ActiveQueryBuilder.Core.MetadataObject;
         }
      }

      private static void ExtractField(
         System.Data.DataRow row
         , ActiveQueryBuilder.Core.MetadataItem mi
         , int parentID
         , System.Data.DataTable tbl
         )
      {
         if( mi == null )
         {
            return;
         }

         ExtractItem( row, mi, parentID, tbl );
         {
            ActiveQueryBuilder.Core.MetadataField m = mi as ActiveQueryBuilder.Core.MetadataField;
            row[ "Expression" ] = m.Expression;
            row[ "FieldType" ] = System.Enum.GetName( typeof( System.Data.DbType ), m.FieldType );
            row[ "FieldTypeName" ] = m.FieldTypeName;
            row[ "IsNullable" ] = m.Nullable;
            row[ "Precision" ] = m.Precision;
            row[ "Scale" ] = m.Scale;
            row[ nameof( Size ) ] = m.Size;
            row[ "IsPK" ] = m.PrimaryKey;
            row[ "IsRO" ] = m.ReadOnly;
         }
      }

      private static void ExtractForeignKey(
         System.Data.DataRow row
         , ActiveQueryBuilder.Core.MetadataItem mi
         , int parentID
         , System.Data.DataTable tbl
         )
      {
         if( mi == null )
         {
            return;
         }

         ExtractItem( row, mi, parentID, tbl );
         row[ "FieldType" ] = null;
         {
            ActiveQueryBuilder.Core.MetadataForeignKey m = mi as ActiveQueryBuilder.Core.MetadataForeignKey;
            row[ "ReferencedObject" ] = m.ReferencedObject.NameFull;
            //
            for( int i = 0; i &lt; m.ReferencedObjectName.Count; i++ )
            {
               ActiveQueryBuilder.Core.MetadataQualifiedNamePart x = m.ReferencedObjectName[ i ];
               row[ "ReferencedObjectName" ] += "["
               + System.Enum.GetName( typeof( ActiveQueryBuilder.Core.MetadataType ), x.Type )
               + ":"
               + x.Name
               + "]"
            ;
            }
            //
            row[ "ReferencedFieldsCount" ] = m.ReferencedFields.Count;
            for( int i = 0; i &lt; m.ReferencedFields.Count; i++ )
            {
               row[ "ReferencedFields" ] += "[" + m.ReferencedFields[ i ] + "]";
            }
            //
            row[ "ReferencedCardinality" ] = System.Enum.GetName( typeof( ActiveQueryBuilder.Core.MetadataForeignKeyCardinality ), m.ReferencedCardinality );
            //
            row[ "FieldsCount" ] = m.Fields.Count;
            for( int i = 0; i &lt; m.Fields.Count; i++ )
            {
               row[ "Fields" ] += "[" + m.Fields[ i ] + "]"
            ;
            }
            //
            row[ "Cardinality" ] = System.Enum.GetName( typeof( ActiveQueryBuilder.Core.MetadataForeignKeyCardinality ), m.Cardinality );
         }
      }

      private static void ExtractItem(
         System.Data.DataRow row
         , ActiveQueryBuilder.Core.MetadataItem mi
         , int parentID
         , System.Data.DataTable tbl
         )

      {
         row[ "ID" ] = tbl.Rows.Count;
         row[ "ParentID" ] = parentID;
         row[ "MetadataProvider" ] = mi.SQLContext?.MetadataProvider?.Description;
         row[ "SyntaxProvider" ] = mi.SQLContext?.SyntaxProvider?.Description;
         if( mi.Parent != null )
         {
            row[ "ParentType" ] = System.Enum.GetName( typeof( ActiveQueryBuilder.Core.MetadataType ), mi.Parent.Type );
         }
         row[ nameof( Type ) ] = System.Enum.GetName( typeof( ActiveQueryBuilder.Core.MetadataType ), mi.Type );
         row[ "IsSystem" ] = mi.System;
         ////
         //string rootName = mi.Root?.Name;
         row[ "Server" ] = mi.Server?.Name;
         row[ "Database" ] = mi.Database?.Name;
         row[ "Schema" ] = mi.Schema?.Name;
         row[ "ObjectName" ] = mi.Object?.Name;
         ////
         row[ "NameFullQualified" ] = mi.NameFull + (mi.NameFull.EndsWith( "." ) ? "&lt;?&gt;" : string.Empty);
         row[ "NameQuoted" ] = mi.NameQuoted;
         row[ "AltName" ] = mi.AltName;
         row[ "Field" ] = mi.Name != null ? mi.Name : "&lt;?&gt;";
         ////
         row[ "HasDefault" ] = mi.Default;
         row[ "Description" ] = mi.Description;
         row[ "Tag" ] = mi.Tag;
         row[ "UserData" ] = mi.UserData;
      }
      #endregion

      #region --- DATASET ---
      public const string DataStoreConfig_TblName = "DataStoreConfig";
      public const string DataStoreSnapshotFile_TblName = "DataStoreSnapshotFiles";
      public const string MetadataItem_TblName = "MetadataItem";
      public static System.Data.DataTable CreateMetadataItemTable( string name = MetadataItem_TblName )
      {
         System.Data.DataTable t = new System.Data.DataTable( name );
         {
            System.Data.DataColumn c = new System.Data.DataColumn( );
            c.DataType = typeof( int );
            c.ColumnName = "ID";
            c.Caption = "Id";
            c.ReadOnly = true;
            c.Unique = false;
            t.Columns.Add( c );
         }
         {
            System.Data.DataColumn c = new System.Data.DataColumn( );
            c.DataType = typeof( string );
            c.ColumnName = "DataStoreName";
            c.ReadOnly = true;
            t.Columns.Add( c );
         }
         {
            System.Data.DataColumn c = new System.Data.DataColumn( );
            c.DataType = typeof( string ); // typeof( System.IO.FileInfo );
            c.ColumnName = "SnapshotFile";
            c.ReadOnly = true;
            t.Columns.Add( c );
         }
         {
            System.Data.DataColumn c = new System.Data.DataColumn( );
            c.DataType = typeof( System.DateTime );
            c.ColumnName = "LastWriteTimeUtc";
            c.ReadOnly = true;
            t.Columns.Add( c );
         }
         {
            System.Data.DataColumn c = new System.Data.DataColumn( );
            c.DataType = typeof( string );
            c.ColumnName = "MetadataProvider";
            c.ReadOnly = true;
            t.Columns.Add( c );
         }
         {
            System.Data.DataColumn c = new System.Data.DataColumn( );
            c.DataType = typeof( string );
            c.ColumnName = "SyntaxProvider";
            c.ReadOnly = true;
            t.Columns.Add( c );
         }
         {
            System.Data.DataColumn c = new System.Data.DataColumn( );
            c.DataType = typeof( int );
            c.ColumnName = "ParentID";
            c.ReadOnly = true;
            t.Columns.Add( c );
         }
         {
            System.Data.DataColumn c = new System.Data.DataColumn( );
            c.DataType = typeof( bool );
            c.ColumnName = "IsSystem";
            c.ReadOnly = true;
            t.Columns.Add( c );
         }
         {
            System.Data.DataColumn c = new System.Data.DataColumn( );
            c.DataType = typeof( string );
            c.ColumnName = nameof( Type );
            c.ReadOnly = true;
            t.Columns.Add( c );
         }
         {
            System.Data.DataColumn c = new System.Data.DataColumn( );
            c.DataType = typeof( string );
            c.ColumnName = "ParentType";
            c.ReadOnly = true;
            t.Columns.Add( c );
         }
         {
            System.Data.DataColumn c = new System.Data.DataColumn( );
            c.DataType = typeof( string );
            c.ColumnName = "Cardinality";
            c.ReadOnly = true;
            t.Columns.Add( c );
         }
         {
            System.Data.DataColumn c = new System.Data.DataColumn( );
            c.DataType = typeof( int );
            c.ColumnName = "FieldsCount";
            c.ReadOnly = true;
            t.Columns.Add( c );
         }
         {
            System.Data.DataColumn c = new System.Data.DataColumn( );
            c.DataType = typeof( string );
            c.ColumnName = "Fields";
            c.ReadOnly = true;
            t.Columns.Add( c );
         }
         {
            System.Data.DataColumn c = new System.Data.DataColumn( );
            c.DataType = typeof( string );
            c.ColumnName = "ReferencedCardinality";
            c.ReadOnly = true;
            t.Columns.Add( c );
         }
         {
            System.Data.DataColumn c = new System.Data.DataColumn( );
            c.DataType = typeof( string );
            c.ColumnName = "ReferencedObject";
            c.ReadOnly = true;
            t.Columns.Add( c );
         }
         {
            System.Data.DataColumn c = new System.Data.DataColumn( );
            c.DataType = typeof( string );
            c.ColumnName = "ReferencedObjectName";
            c.ReadOnly = true;
            t.Columns.Add( c );
         }
         {
            System.Data.DataColumn c = new System.Data.DataColumn( );
            c.DataType = typeof( int );
            c.ColumnName = "ReferencedFieldsCount";
            c.ReadOnly = true;
            t.Columns.Add( c );
         }
         {
            System.Data.DataColumn c = new System.Data.DataColumn( );
            c.DataType = typeof( string );
            c.ColumnName = "ReferencedFields";
            c.ReadOnly = true;
            t.Columns.Add( c );
         }
         {
            System.Data.DataColumn c = new System.Data.DataColumn( );
            c.DataType = typeof( string );
            c.ColumnName = "Server";
            c.ReadOnly = true;
            t.Columns.Add( c );
         }
         {
            System.Data.DataColumn c = new System.Data.DataColumn( );
            c.DataType = typeof( string );
            c.ColumnName = "Database";
            c.ReadOnly = true;
            t.Columns.Add( c );
         }
         {
            System.Data.DataColumn c = new System.Data.DataColumn( );
            c.DataType = typeof( string );
            c.ColumnName = "Schema";
            c.ReadOnly = true;
            t.Columns.Add( c );
         }
         {
            System.Data.DataColumn c = new System.Data.DataColumn( );
            c.DataType = typeof( string );
            c.ColumnName = "ObjectName";
            c.ReadOnly = true;
            t.Columns.Add( c );
         }
         {
            System.Data.DataColumn c = new System.Data.DataColumn( );
            c.DataType = typeof( string );
            c.ColumnName = "NameFullQualified";
            c.ReadOnly = true;
            t.Columns.Add( c );
         }
         {
            System.Data.DataColumn c = new System.Data.DataColumn( );
            c.DataType = typeof( string );
            c.ColumnName = "NameQuoted";
            c.ReadOnly = true;
            t.Columns.Add( c );
         }
         {
            System.Data.DataColumn c = new System.Data.DataColumn( );
            c.DataType = typeof( string );
            c.ColumnName = "AltName";
            c.ReadOnly = true;
            t.Columns.Add( c );
         }
         {
            System.Data.DataColumn c = new System.Data.DataColumn( );
            c.DataType = typeof( string );
            c.ColumnName = "Field";
            c.ReadOnly = true;
            t.Columns.Add( c );
         }
         {
            System.Data.DataColumn c = new System.Data.DataColumn( );
            c.DataType = typeof( bool );
            c.ColumnName = "HasDefault";
            c.ReadOnly = true;
            t.Columns.Add( c );
         }
         {
            System.Data.DataColumn c = new System.Data.DataColumn( );
            c.DataType = typeof( string );
            c.ColumnName = "Expression";
            c.ReadOnly = true;
            t.Columns.Add( c );
         }
         {
            System.Data.DataColumn c = new System.Data.DataColumn( );
            c.DataType = typeof( string );
            c.ColumnName = "FieldType";
            c.ReadOnly = true;
            t.Columns.Add( c );
         }
         {
            System.Data.DataColumn c = new System.Data.DataColumn( );
            c.DataType = typeof( string );
            c.ColumnName = "FieldTypeName";
            c.ReadOnly = true;
            t.Columns.Add( c );
         }
         {
            System.Data.DataColumn c = new System.Data.DataColumn( );
            c.DataType = typeof( bool );
            c.ColumnName = "IsNullable";
            c.ReadOnly = true;
            t.Columns.Add( c );
         }
         {
            System.Data.DataColumn c = new System.Data.DataColumn( );
            c.DataType = typeof( int );
            c.ColumnName = "Precision";
            c.ReadOnly = true;
            t.Columns.Add( c );
         }
         {
            System.Data.DataColumn c = new System.Data.DataColumn( );
            c.DataType = typeof( int );
            c.ColumnName = "Scale";
            c.ReadOnly = true;
            t.Columns.Add( c );
         }
         {
            System.Data.DataColumn c = new System.Data.DataColumn( );
            c.DataType = typeof( int );
            c.ColumnName = nameof( Size );
            c.ReadOnly = true;
            t.Columns.Add( c );
         }
         {
            System.Data.DataColumn c = new System.Data.DataColumn( );
            c.DataType = typeof( bool );
            c.ColumnName = "IsPK";
            c.ReadOnly = true;
            t.Columns.Add( c );
         }
         {
            System.Data.DataColumn c = new System.Data.DataColumn( );
            c.DataType = typeof( bool );
            c.ColumnName = "IsRO";
            c.ReadOnly = true;
            t.Columns.Add( c );
         }
         {
            System.Data.DataColumn c = new System.Data.DataColumn( );
            c.DataType = typeof( string );
            c.ColumnName = "Description";
            c.ReadOnly = true;
            t.Columns.Add( c );
         }
         {
            System.Data.DataColumn c = new System.Data.DataColumn( );
            c.DataType = typeof( object );
            c.ColumnName = "Tag";
            c.ReadOnly = true;
            t.Columns.Add( c );
         }
         {
            System.Data.DataColumn c = new System.Data.DataColumn( );
            c.DataType = typeof( string );
            c.ColumnName = "UserData";
            c.ReadOnly = true;
            t.Columns.Add( c );
         }
         return t;
      }
      #endregion
</Expansion>
                      <Context>[InClass]</Context>
                      <UsingClause />
                    </Item>
                  </Items>
                </Item>
              </Templates>
            </Item>
          </Categories>
          <Templates>
            <Item Id="{99cbb0e4-e4a3-4ca2-b6e6-2e3ecf750944}">
              <TemplateName>NewEventAndHandlers</TemplateName>
              <Comment>New Event and Handlers via paste a Event Name</Comment>
              <Items>
                <Item Id="{f927082d-6516-41f0-912b-e110dfaedfc3}">
                  <Expansion>#define «Link(«?Get(eventname)»)»_EVENT_DEFINED
#if «Link(«?Get(eventname)»)»_EVENT_DEFINED
      #region --- Before / After «Link(«?Get(eventname)»)» EVENTS + HANDLERS ---
      /// &lt;summary&gt;
      /// Delegate/Handler for the Before&lt;&lt;Link(&lt;&lt;?Get(eventname)&gt;&gt;)&gt;&gt; event.
      /// &lt;/summary&gt;
      public delegate void Before&lt;&lt;Link(&lt;&lt;?Get(eventname)&gt;&gt;)&gt;&gt;EventHandler( object sender, Before&lt;&lt;Link(&lt;&lt;?Get(eventname)&gt;&gt;)&gt;&gt;EventArgs ea );
      /// &lt;summary&gt;
      /// Arguments for the Before&lt;&lt;Link(&lt;&lt;?Get(eventname)&gt;&gt;)&gt;&gt; event.
      /// &lt;/summary&gt;
      public class Before&lt;&lt;Link(&lt;&lt;?Get(eventname)&gt;&gt;)&gt;&gt;EventArgs : System.EventArgs
      {
         public bool Cancel = false;
         public string Filename = null;
         public System.Exception Exception = null;
      }
      /// &lt;summary&gt;
      /// Delegate/Handler for the After&lt;&lt;Link(&lt;&lt;?Get(eventname)&gt;&gt;)&gt;&gt; event.
      /// &lt;/summary&gt;
      public delegate void After&lt;&lt;Link(&lt;&lt;?Get(eventname)&gt;&gt;)&gt;&gt;EventHandler( object sender, After&lt;&lt;Link(&lt;&lt;?Get(eventname)&gt;&gt;)&gt;&gt;EventArgs ea );
      /// &lt;summary&gt;
      /// Arguments for the After&lt;&lt;Link(&lt;&lt;?Get(eventname)&gt;&gt;)&gt;&gt; event.
      /// &lt;/summary&gt;
      public class After&lt;&lt;Link(&lt;&lt;?Get(eventname)&gt;&gt;)&gt;&gt;EventArgs : System.EventArgs
      {
         private Before&lt;&lt;Link(&lt;&lt;?Get(eventname)&gt;&gt;)&gt;&gt;EventArgs args;
         public bool wasCanceled { get { return this.args == null ? false : this.args.Cancel; } }
         public bool hasException { get { return this.args.Exception != null; } }
         public bool isOk { get { return !this.wasCanceled &amp;&amp; !this.hasException; } }
         public After&lt;&lt;Link(&lt;&lt;?Get(eventname)&gt;&gt;)&gt;&gt;EventArgs( Before&lt;&lt;Link(&lt;&lt;?Get(eventname)&gt;&gt;)&gt;&gt;EventArgs args1 )
         {
            this.args = args1;
         }
      }
      public event Before&lt;&lt;Link(&lt;&lt;?Get(eventname)&gt;&gt;)&gt;&gt;EventHandler Before&lt;&lt;Link(&lt;&lt;?Get(eventname)&gt;&gt;)&gt;&gt;Event;
      public event After&lt;&lt;Link(&lt;&lt;?Get(eventname)&gt;&gt;)&gt;&gt;EventHandler After&lt;&lt;Link(&lt;&lt;?Get(eventname)&gt;&gt;)&gt;&gt;Event;
      private void &lt;&lt;Link(&lt;&lt;?Get(eventname)&gt;&gt;)&gt;&gt;Event( Before&lt;&lt;Link(&lt;&lt;?Get(eventname)&gt;&gt;)&gt;&gt;EventArgs args )
      {
         try
         {
            // Before&lt;&lt;Link(&lt;&lt;?Get(eventname)&gt;&gt;)&gt;&gt;...
         }
         catch( System.Exception ex )
         {
            args.Exception = ex;
         }
         finally
         {

         }
      }
      public void &lt;&lt;Link(&lt;&lt;?Get(eventname)&gt;&gt;)&gt;&gt;( string filename )
      {
         Before&lt;&lt;Link(&lt;&lt;?Get(eventname)&gt;&gt;)&gt;&gt;EventArgs args1 = new Before&lt;&lt;Link(&lt;&lt;?Get(eventname)&gt;&gt;)&gt;&gt;EventArgs( );
         After&lt;&lt;Link(&lt;&lt;?Get(eventname)&gt;&gt;)&gt;&gt;EventArgs args2 = new After&lt;&lt;Link(&lt;&lt;?Get(eventname)&gt;&gt;)&gt;&gt;EventArgs( args1 );
         args1.Filename = filename;
         this.Before&lt;&lt;Link(&lt;&lt;?Get(eventname)&gt;&gt;)&gt;&gt;Event?.Invoke( this, args1 );
         if( !args1.Cancel )
         {
            this.&lt;&lt;Link(&lt;&lt;?Get(eventname)&gt;&gt;)&gt;&gt;Event( args1 );
         }
         // Before&lt;&lt;Link(&lt;&lt;?Get(eventname)&gt;&gt;)&gt;&gt;...
         // TODO: Insert you code here!
         «Caret»
         this.After&lt;&lt;Link(&lt;&lt;?Get(eventname)&gt;&gt;)&gt;&gt;Event?.Invoke( this, args2 );
      }
      #endregion
#endif
</Expansion>
                  <Context>[OnEmptyLine] &amp;&amp; !([InAnyComment] || [InInterface] || [InMethod] || [InPreprocessorDirective] || [InProperty] || [InString])</Context>
                  <UsingClause />
                </Item>
              </Items>
            </Item>
          </Templates>
        </Item>
        <Item Id="{9bc0d39a-b20c-41bb-bd1c-4d08d6d999a9}" />
        <Item Id="{8e4132de-c894-486f-8004-e2d08d0ba979}">
          <IsExpanded>True</IsExpanded>
        </Item>
        <Item Id="{2433228d-3ae2-4022-aa52-7ab7a1a3116b}" />
        <Item Id="{1379a9c1-e7a0-4872-87e5-24ef7c4a1315}" />
        <Item Id="{80783537-1b32-4a51-b716-b32036574f4f}" />
        <Item Id="{6b1c63bd-043f-4639-b757-a0c6132270fa}">
          <IsExpanded>True</IsExpanded>
          <IsSelected>False</IsSelected>
          <Categories>
            <Item Id="{d050e8b1-af5d-4735-b7c7-e859c8d70e22}" />
            <Item Id="{7e5a0f53-8c6c-403b-af38-d98c827535c9}" />
            <Item Id="{960ca7ba-df39-4971-9d05-ae3b59005050}" />
            <Item Id="{18274d09-9b0a-4f2f-a005-9e28b69cdc72}">
              <IsExpanded>True</IsExpanded>
              <Categories>
                <Item Id="{1d20413e-2494-43a8-9dd9-a29b03f6e74c}" />
                <Item Id="{64302f75-ba5e-4e0d-a04b-493c14f4eb09}">
                  <IsExpanded>True</IsExpanded>
                  <Templates>
                    <Item Id="{63898377-905d-42ad-a8bf-661eca90e267}">
                      <IsExpanded>True</IsExpanded>
                    </Item>
                    <Item Id="{1ccb1111-fbbf-4594-8062-f8b345427795}" />
                    <Item Id="{f2fba54b-6da4-4676-a482-ac6885861a3a}" />
                    <Item Id="{40406ad9-fc97-4958-812a-5b3b2fc4250a}" />
                    <Item Id="{e913a602-3f20-455e-b848-97d5fac97fc5}" />
                    <Item Id="{8804e7a7-cbfe-4ccc-bfc7-ff659e827318}" />
                    <Item Id="{b1e2e061-27c1-4a33-90c7-603c92840b9c}" />
                    <Item Id="{25a58ec3-7d0c-4ae1-892e-bce91833ef14}" />
                    <Item Id="{5a555538-234c-4d83-aa48-e0e06ef7bc53}" />
                  </Templates>
                </Item>
                <Item Id="{cb6b403f-3c1f-4100-886c-8a966afab67e}" />
                <Item Id="{8feeaf4b-486c-4bf4-89ee-09d42b615dc0}" />
              </Categories>
            </Item>
            <Item Id="{8c8bf0a1-b107-4060-bb92-0e22275c578b}" />
            <Item Id="{69ad7761-2769-4949-baad-b634be8f5792}">
              <Categories>
                <Item Id="{b8e6a441-735e-4957-bc46-36c975c7b88f}" />
                <Item Id="{83858b58-b648-4219-a96e-3564a09b3ce2}" />
                <Item Id="{2e234851-73b9-480e-8bb1-1664926b78b3}" />
                <Item Id="{6629b550-917c-4eab-b9ed-b0eb55feb89a}" />
                <Item Id="{d3115c79-f144-4ac7-8768-cbdbf02c0a5b}">
                  <IsExpanded>True</IsExpanded>
                  <Templates>
                    <Item Id="{7e1c8b33-2ddb-4165-9b80-6d2b99ead24e}" />
                    <Item Id="{c855b255-c62a-469e-a94a-3581112eed19}">
                      <IsExpanded>True</IsExpanded>
                      <Items>
                        <Item Id="{bc15a62b-6b75-4fc5-9403-dfde7e243994}" />
                        <Item Id="{629d693e-efb0-4b92-8313-948cb1211a1d}">
                          <IsSelected>False</IsSelected>
                        </Item>
                        <Item Id="{5949f3e7-afdd-471f-a37d-d1d8840729c4}" />
                        <Item Id="{e68df283-5741-405c-a1d1-221ea31e0ab1}" />
                      </Items>
                    </Item>
                  </Templates>
                </Item>
                <Item Id="{b5315f97-9771-424b-a52b-e457708a5fb0}" />
              </Categories>
            </Item>
            <Item Id="{4a2e768c-9339-40f4-ac34-a556b3a3e611}" />
            <Item Id="{de5230be-ff29-4a6b-b348-66dfe7e290c2}">
              <IsExpanded>True</IsExpanded>
            </Item>
            <Item Id="{71dd7874-aaf7-4702-b321-16a102ab2924}" />
            <Item Id="{f3358d89-efad-4f28-be53-7b99696cd1a6}" />
            <Item Id="{a7d85262-390e-4859-8433-65331b5bfa43}" />
            <Item Id="{eb1b6097-7ae6-494e-8622-c1c0acbaa9c3}" />
            <Item Id="{ade4e77d-3ab8-4ca5-b5bc-5a071cdc8f42}" />
            <Item Id="{bca1a4cf-bc55-42e2-b165-1b32329aec6b}" />
            <Item Id="{2c03873f-bf60-43a7-b891-f52194d219fb}" />
            <Item Id="{d065d559-c6fa-4ef8-aa0e-7d64bbb4ca6d}" />
          </Categories>
        </Item>
        <Item Id="{2ff95045-9084-4395-93a8-70d11cc8cdeb}" />
        <Item Id="{633d268e-6d35-46c7-ac5d-d2885ca35a0d}" />
        <Item Id="{34b6c10a-ee60-4c30-9f5c-e0c033ce7867}" />
        <Item Id="{e63d4dbd-49ce-4fd6-ab9d-99e0bfc60b35}" />
        <Item Id="{f4703284-a160-4272-be22-3366ade5e43f}" />
        <Item Id="{51f7a921-200c-43e3-944c-54521ed0c201}" />
        <Item Id="{08077498-5ebe-4300-ad58-bcbf5a3ebac3}" />
        <Item Id="{90ee1142-998a-40f3-8aa1-fe850f766551}" />
        <Item Id="{662a95d0-4d80-484b-b649-044f1464ff4a}" />
        <Item Id="{9c9bbf9d-c82c-450d-bafa-2d8b1f6a4a63}" />
        <Item Id="{78fc30d9-aa85-4d78-a3f0-8eeb5a2e1496}" />
        <Item Id="{cb08e1a8-1829-4409-87e1-d9a9d3eea8a3}" />
        <Item Id="{96418b0c-83d3-4656-90c9-59d4139e045c}" />
        <Item Id="{447c50a1-8ec8-44ee-9915-7f0548350093}" />
        <Item Id="{a641e756-107f-4e82-9952-010819e35abe}" />
        <Item Id="{4cada8e9-90e0-4fe3-8171-91a3735d1447}" />
        <Item Id="{3888be66-16ab-4a3e-b416-144246345fa0}" />
      </Categories>
    </RootCategory>
  </Options>
</Root>