<?xml version="1.0" encoding="utf-8"?>
<Root>
  <Options Language="Neutral">
    <RootFolder>
      <SubFolders>
        <Item Id="{01ea3896-6cc1-4912-824e-88c7c5a82a25}">
          <SubFolders>
            <Item Id="{4fe9d975-e06f-45ee-b9a4-79dfa309787e}">
              <Bindings>
                <Item Id="{a80b0add-f3d0-42d2-a516-7ef628a88058}" />
                <Item Id="{0c8cba11-7bab-4233-83eb-3752d1488f2d}" />
                <Item Id="{0f4276d6-3a81-455b-9a21-1ca046efb06e}" />
                <Item Id="{c8c86189-abce-451f-865b-201b41e30b3a}">
                  <Key1>
                    <Alt>True</Alt>
                    <Extended>True</Extended>
                    <KeyState>558825473</KeyState>
                    <KeyCode>35</KeyCode>
                  </Key1>
                  <Key2 />
                  <Command>MarkerCollect</Command>
                  <ReadableContext>[CodeEditorHasFocus] &amp;&amp; ![IntellisenseActive]</ReadableContext>
                </Item>
                <DeletedItem Id="{997d45f9-3626-4439-a3ae-bb31b51a5b2a}" />
                <DeletedItem Id="{9dfb6b6c-ea17-4d95-b70a-27ff77030006}" />
              </Bindings>
            </Item>
            <Item Id="{617bf4c0-2098-418f-92a5-199c731a9265}" />
            <Item Id="{0d027ecb-e83f-4f4a-97d7-01aa4edd9bb5}">
              <Bindings>
                <Item Id="{a9a79a0e-00f9-49ea-b9a0-b1f3205777ac}">
                  <Enabled>True</Enabled>
                </Item>
                <Item Id="{cd73021d-0a61-46ca-b0b5-2d0f1690ba47}">
                  <Enabled>True</Enabled>
                </Item>
                <Item Id="{bdbae881-432e-41ec-8b9a-35f5e390df4a}">
                  <Enabled>True</Enabled>
                </Item>
                <Item Id="{fcae9145-a08e-44df-860c-f405ac8cacb8}">
                  <Enabled>True</Enabled>
                </Item>
              </Bindings>
            </Item>
          </SubFolders>
          <Bindings>
            <Item Id="{88959174-9ffa-429b-bef8-aeddb65b9c2a}" />
            <Item Id="{975814d0-802e-4143-a979-22d3f975cfc2}" />
            <Item Id="{0260c6ac-cfdb-4874-88c5-66bbf9b84e9b}" />
            <Item Id="{dd4ceb84-80b3-4517-ac9b-170dcffe646f}" />
            <Item Id="{ee0b4600-2d2c-4700-8d4d-578027321f74}" />
            <Item Id="{d37c2c40-a7c6-403f-8556-8fb690d4c656}" />
            <Item Id="{baf8010d-02d7-4ac9-b644-0c670f796ce4}" />
            <Item Id="{676742ae-19ea-4884-840d-2be66d9bb49c}" />
            <Item Id="{43d481e0-19e4-405d-b7e3-687fc610050c}" />
            <Item Id="{f1a06e4e-3241-438d-84e5-044e3e907492}" />
            <Item Id="{3b8cae25-e23f-443c-98ff-83d38711f26e}" />
            <Item Id="{491253a6-324c-4a0f-b4e5-aff443b00fb9}" />
            <Item Id="{a06ba470-2048-47ac-b7af-93653ce09359}" />
            <Item Id="{1562ccb9-7f21-492d-8c71-42d5ff7ecf9a}" />
            <Item Id="{34c575e6-55c2-4d7f-a839-8167bfa1a831}" />
            <Item Id="{b253a65c-b13a-42bd-8d59-4a790ce19f3a}" />
            <Item Id="{011d4fb6-22ba-4d11-8a05-ed753b5dbd8a}" />
            <Item Id="{804634ae-7823-4541-a8fe-d7da6c807b41}" />
            <Item Id="{eb8a243c-8645-46cf-98ac-e73a6e32cf3e}" />
            <Item Id="{5f2e52af-bb7d-46cc-819d-3f2a2860ba8c}" />
            <Item Id="{9848d5d7-d513-4f1e-98aa-fcd21b3eb498}" />
            <Item Id="{554d28d9-5a5d-40d1-8070-c7102d9dc383}">
              <Key1>
                <KeyState>5439489</KeyState>
                <KeyCode>110</KeyCode>
              </Key1>
              <Key2 />
              <Command>JumpTo</Command>
              <SyncToVS>True</SyncToVS>
              <ReadableContext>[CodeEditorHasFocus]</ReadableContext>
            </Item>
            <Item Id="{3010873e-7fad-45f7-9a6a-f916f2211ee9}">
              <Key1>
                <KeyState>5439489</KeyState>
                <KeyCode>46</KeyCode>
              </Key1>
              <Key2 />
              <Command>JumpTo</Command>
              <SyncToVS>True</SyncToVS>
              <ReadableContext>[CodeEditorHasFocus]</ReadableContext>
            </Item>
            <Item Id="{a0c99a22-5550-41e6-af15-3e321a8f4fb5}">
              <Key1>
                <Extended>True</Extended>
                <KeyState>18612225</KeyState>
                <KeyCode>13</KeyCode>
              </Key1>
              <Key2 />
              <Command>JumpToSymbol</Command>
              <SyncToVS>True</SyncToVS>
              <ReadableContext>![IntellisenseActive] &amp;&amp; [CodeEditorHasFocus]</ReadableContext>
            </Item>
          </Bindings>
        </Item>
        <Item Id="{66d31aae-e1f0-43b9-8108-123cb59d73bd}" />
        <Item Id="{4fcfb46a-6fd9-4ba4-a790-6447cb1cf0a5}" />
        <Item Id="{55d41133-671c-49f1-a934-6c5d59c3f319}">
          <SubFolders>
            <Item Id="{4bc2f87d-6dc0-41b5-9b0b-251498b765df}">
              <Bindings>
                <Item Id="{d18a79d1-fff5-4b71-8301-fb8f2397e0ac}" />
                <Item Id="{cc238591-6417-4f4c-bca3-08b8ecbb8a1b}" />
                <Item Id="{a1206925-ac9d-403e-afa6-cf6b071ee86a}">
                  <Enabled>False</Enabled>
                  <Key1>
                    <KeyCode>9</KeyCode>
                  </Key1>
                  <Key2 />
                  <Command>TemplateExpand</Command>
                  <SyncToVS>True</SyncToVS>
                  <ReadableContext>[CodeEditorHasFocus]</ReadableContext>
                </Item>
              </Bindings>
            </Item>
          </SubFolders>
          <Bindings>
            <Item Id="{3cbca747-a777-4984-86f6-9987688f4e23}" />
            <Item Id="{e29721b9-96d1-49b0-ab5e-55dcf6170644}" />
            <Item Id="{ead139d2-ddb7-4251-a9cd-686b42f4dd72}">
              <Enabled>True</Enabled>
            </Item>
            <Item Id="{51ddd495-85fc-4503-a6dc-c5c828fdbca9}">
              <Enabled>True</Enabled>
            </Item>
            <Item Id="{94c8dc3a-5f41-4903-b352-532ad2df595e}" />
            <Item Id="{3ed9e248-dbdd-402f-98f2-9c9eead1f2ad}" />
            <Item Id="{ebad2dc4-813d-468c-8114-d354e370a9fb}" />
            <Item Id="{278748b0-042d-41f2-a68a-38ea871d658b}">
              <Key1>
                <KeyState>5373953</KeyState>
                <KeyCode>96</KeyCode>
              </Key1>
              <Key2 />
              <Command>View.QuickActions</Command>
              <SyncToVS>True</SyncToVS>
              <ReadableContext>[CodeEditorHasFocus]</ReadableContext>
            </Item>
            <Item Id="{df858f43-cab3-44da-b1f2-992bbf23c9ca}" />
            <Item Id="{a7134587-8893-447a-b6a5-f1559a17c063}" />
            <Item Id="{ddeee320-739f-4e74-b41f-c6a2f6ccf599}" />
          </Bindings>
        </Item>
        <Item Id="{a3f2b3b4-9497-4db5-9f8b-c4b30a2240ac}">
          <SubFolders>
            <Item Id="{28d84f66-997e-40f1-916b-bccd3a30e979}">
              <Bindings>
                <Item Id="{cf5e0bd9-3ceb-42b3-adfa-b93dd2c87e93}" />
                <Item Id="{4646ea7d-99ca-462f-bfd3-4ee7f398b310}" />
                <Item Id="{929d817f-3800-4d53-bb60-2810a6d1ee8b}">
                  <Enabled>True</Enabled>
                </Item>
                <Item Id="{8f378564-7d90-4e9e-9264-52c1e4832f37}">
                  <Enabled>True</Enabled>
                </Item>
                <Item Id="{3c58f2fb-5e6c-4015-add0-b8c5cd5ee80b}" />
                <Item Id="{9cfa836d-bb74-4e55-a80a-e9fa27304b5d}" />
              </Bindings>
            </Item>
            <Item Id="{5f50d588-fef9-4f94-843a-08a71e81cadb}" />
            <Item Id="{0e1a8f0e-939c-43d4-a574-17bc62e79d31}">
              <Bindings>
                <Item Id="{173b3228-6b7d-4fe0-a9cc-b505df87fad2}">
                  <Enabled>True</Enabled>
                </Item>
                <Item Id="{7ba1f03b-60b0-4b24-a571-9d4a8e73a64e}" />
                <Item Id="{93b4009f-dd82-47e7-a675-90df06c488f0}">
                  <Enabled>True</Enabled>
                </Item>
                <Item Id="{34aa3b45-77fd-4777-8a09-5a4727695746}">
                  <Enabled>True</Enabled>
                </Item>
                <Item Id="{45635691-e37c-433d-ad0c-2c07a430d102}" />
                <Item Id="{dc83600a-f779-4ac7-88e4-f821aabeaeb6}" />
                <Item Id="{3593b40a-b2e6-4ab7-b44e-d1069db8dc6e}" />
                <Item Id="{a572244c-9973-435e-9164-9027b4f29615}">
                  <Enabled>True</Enabled>
                </Item>
              </Bindings>
            </Item>
            <Item Id="{9742ad00-8e7d-4f8b-902b-cdb634e79708}" />
            <Item Id="{c66047dd-1843-4f94-9785-095fbc40af81}" />
          </SubFolders>
        </Item>
        <Item Id="{318b8900-85af-4c66-b37f-8a86508e7a89}" />
        <Item Id="{d33fb6fa-56b3-40a1-b169-71e855b2e3a2}" />
        <Item Id="{4aa0656f-7150-440b-8585-509c548e9d7e}" />
      </SubFolders>
    </RootFolder>
  </Options>
</Root>