<?xml version="1.0" encoding="utf-8"?>
<Root>
  <Options Language="Neutral">
    <FeatureDescriptors>
      <Item Id="{5c39545e-74b7-466f-afc8-0545d27edb23}">
        <Counter>16</Counter>
        <FeatureName>Organize Members</FeatureName>
      </Item>
      <Item Id="{aa872982-c9fd-418f-a27f-79764825356f}">
        <Counter>250</Counter>
        <FeatureName>Code Cleanup</FeatureName>
      </Item>
      <Item Id="{11533226-e0c8-43bb-98ec-5812cf67e666}">
        <Counter>24</Counter>
        <FeatureName>Declare...</FeatureName>
      </Item>
      <Item Id="{b63f7646-22d1-49ac-9755-aeee6a87f21e}">
        <Counter>5</Counter>
        <FeatureName>Make Implicit</FeatureName>
      </Item>
      <Item Id="{9ceee229-5c36-458c-8ce5-00f1f436af9f}">
        <Counter>405</Counter>
        <FeatureName>Declare Local</FeatureName>
      </Item>
      <Item Id="{db951e07-936c-43fd-89f9-b17abad6f5d9}">
        <Counter>68</Counter>
        <FeatureName>Optimize Namespace References</FeatureName>
      </Item>
      <Item Id="{b7216b1b-01b6-43d4-b868-8c7525db8452}">
        <Counter>208</Counter>
        <FeatureName>Embed Selection</FeatureName>
      </Item>
      <Item Id="{e2ff2ce4-934e-461e-b6e1-d2fc9377fa69}">
        <Counter>18</Counter>
        <FeatureName>Declare Constant</FeatureName>
      </Item>
      <Item Id="{cb1f559f-e357-45ef-a33c-b719c49d9bbc}">
        <Counter>41</Counter>
        <FeatureName>Declare Method</FeatureName>
      </Item>
      <Item Id="{05be0de8-6c47-46bf-b841-93e31151ff84}">
        <Counter>10</Counter>
        <FeatureName>Rename File to Match Type</FeatureName>
      </Item>
      <Item Id="{7df712a1-8a83-4ba6-a8b4-006c2253d25a}">
        <Counter>6</Counter>
        <FeatureName>Declare Property (with field)</FeatureName>
      </Item>
      <Item Id="{fb7e939b-4f89-4e3b-b23e-8067ca0d9a04}">
        <Counter>6</Counter>
        <FeatureName>Promote to Parameter</FeatureName>
      </Item>
      <Item Id="{659c3581-2a79-4cbd-a995-96c8ea61bccd}">
        <Counter>6</Counter>
        <FeatureName>Convert to Function</FeatureName>
      </Item>
      <Item Id="{21bc6342-9de2-439f-9653-5d1c362eb9e9}">
        <Counter>2</Counter>
        <FeatureName>Sort Namespace References</FeatureName>
      </Item>
      <Item Id="{f4c524e1-39a3-44a7-bdcc-cd646e1f1da8}">
        <Counter>2</Counter>
        <FeatureName>Reorder Parameters</FeatureName>
      </Item>
      <Item Id="{1c71c351-0009-4c25-b513-775f8a9f015f}">
        <Counter>1</Counter>
        <FeatureName>Break Apart Parameters</FeatureName>
      </Item>
      <Item Id="{60395557-3ea7-435c-88f4-0914c30da2f6}">
        <Counter>1</Counter>
        <FeatureName>Line Up Parameters</FeatureName>
      </Item>
      <Item Id="{6d450524-09da-464a-9590-11374af49044}">
        <Counter>1</Counter>
        <FeatureName>Encapsulate Property with Change Notification</FeatureName>
      </Item>
      <Item Id="{3044567d-a62e-4795-960f-8fd28c9253ad}">
        <Counter>22</Counter>
        <FeatureName>Remove Type Qualifier (remove all)</FeatureName>
      </Item>
      <Item Id="{624a1724-13de-4125-906b-5164e51a2c0c}">
        <Counter>23</Counter>
        <FeatureName>Remove Type Qualifier</FeatureName>
      </Item>
      <Item Id="{10622ad4-22e5-4877-b8b8-4348763e4498}">
        <Counter>2</Counter>
        <FeatureName>Use string.Format</FeatureName>
      </Item>
      <Item Id="{d9a37af7-f8e5-4bc0-85e6-f07612316379}">
        <Counter>1</Counter>
        <FeatureName>Widen Scope</FeatureName>
      </Item>
      <Item Id="{8c651e80-51cd-41a7-b9c7-85475fc57f81}">
        <Counter>3</Counter>
        <FeatureName>Introduce Using Statement</FeatureName>
      </Item>
      <Item Id="{ac2199c6-dc22-4266-94f9-5a34e97984f6}">
        <Counter>1</Counter>
        <FeatureName>Rename</FeatureName>
      </Item>
      <Item Id="{f1bb3aab-9938-430a-8ae3-16d75a890420}">
        <Counter>1</Counter>
        <FeatureName>Add Parameter</FeatureName>
      </Item>
      <Item Id="{2e7b1153-4ca8-4dcc-80b9-9526dbfa074c}">
        <Counter>5</Counter>
        <FeatureName>Declare Property (auto-implemented)</FeatureName>
      </Item>
      <Item Id="{a973c2a3-e797-4065-8038-01c302caef9b}">
        <Counter>7</Counter>
        <FeatureName>Inline Method</FeatureName>
      </Item>
      <Item Id="{389d3755-c1dc-4dff-b61d-1cd3db359993}">
        <Counter>5</Counter>
        <FeatureName>Throw Exceptions Contract</FeatureName>
      </Item>
      <Item Id="{cb3fed36-1784-470b-b474-51a0991625bb}">
        <Counter>2</Counter>
        <FeatureName>Encapsulate Property</FeatureName>
      </Item>
      <Item Id="{bede1736-f247-446a-9eac-1fb6d55966c3}">
        <Counter>1</Counter>
        <FeatureName>Remove Unused Member</FeatureName>
      </Item>
      <Item Id="{247f592f-17dd-4de4-ae12-043ddc1eed10}">
        <Counter>1</Counter>
        <FeatureName>Simplify Expression</FeatureName>
      </Item>
      <Item Id="{6e8d0747-eb98-43ab-a82f-fe9dd0688143}">
        <Counter>1</Counter>
        <FeatureName>Compress to Ternary Expression</FeatureName>
      </Item>
      <Item Id="{0ebe1bb7-adab-4f7e-80dc-e6fd5c6a1c57}">
        <Counter>3</Counter>
        <FeatureName>Exit Method Contract</FeatureName>
      </Item>
      <Item Id="{146b494c-c335-4f9a-868c-9f3d2767176f}">
        <Counter>1</Counter>
        <FeatureName>Introduce Setter Guard Clause</FeatureName>
      </Item>
      <Item Id="{a6372897-9ad2-4c62-ab1a-a00bfa473f80}">
        <Counter>4</Counter>
        <FeatureName>Widen Scope (promote to field)</FeatureName>
      </Item>
      <Item Id="{7c6f3c84-c262-4e73-91cf-016beecb5f85}">
        <Counter>11</Counter>
        <FeatureName>Flatten Conditional</FeatureName>
      </Item>
      <Item Id="{746062ed-ba33-4d8a-902e-f30b300ddeb9}">
        <Counter>8</Counter>
        <FeatureName>Use string.Compare</FeatureName>
      </Item>
      <Item Id="{b75233e7-f516-47f0-b331-c52f5f81d88b}">
        <Counter>4</Counter>
        <FeatureName>Convert to string interpolation</FeatureName>
      </Item>
      <Item Id="{df02c5f8-d52f-477e-97b4-58358dd72d42}">
        <Counter>44</Counter>
        <FeatureName>Move Type to File</FeatureName>
      </Item>
      <Item Id="{856394a2-e513-4eeb-8a90-2ab14ebda9e5}">
        <Counter>1</Counter>
        <FeatureName>Create Event Trigger</FeatureName>
      </Item>
    </FeatureDescriptors>
  </Options>
</Root>