<?xml version="1.0" encoding="utf-8"?>
<Root>
  <Options Language="C#">
    <ExpandedTemplates>
      <Item>m</Item>
      <Item>mb</Item>
      <Item>using</Item>
      <Item>ms</Item>
      <Item>fs</Item>
      <Item>neahba</Item>
      <Item>u</Item>
      <Item>f.</Item>
      <Item>as</Item>
      <Item>neah</Item>
      <Item>c</Item>
      <Item>m.</Item>
      <Item>dialog</Item>
      <Item>if</Item>
      <Item>ps</Item>
      <Item>fb</Item>
      <Item>f</Item>
      <Item>rb</Item>
      <Item>a</Item>
      <Item>sw</Item>
      <Item>ao</Item>
    </ExpandedTemplates>
  </Options>
</Root>